day,date,hour,category,product,orders,revenue
Mon,2026-08-10,10,mains,Brisket plate,4,112
Mon,2026-08-10,10,sides,Smoked mac & cheese,4,32
Mon,2026-08-10,10,drinks,Iced tea,11,44
Mon,2026-08-10,10,dessert,Pecan pie,1,6
Mon,2026-08-10,11,mains,Brisket plate,7,196
Mon,2026-08-10,11,sides,Smoked mac & cheese,11,88
Mon,2026-08-10,11,drinks,Iced tea,25,100
Mon,2026-08-10,11,dessert,Pecan pie,2,12
Mon,2026-08-10,12,mains,Brisket plate,18,504
Mon,2026-08-10,12,sides,Smoked mac & cheese,23,184
Mon,2026-08-10,12,drinks,Iced tea,51,204
Mon,2026-08-10,12,dessert,Pecan pie,4,24
Mon,2026-08-10,13,mains,Brisket plate,17,476
Mon,2026-08-10,13,sides,Smoked mac & cheese,22,176
Mon,2026-08-10,13,drinks,Iced tea,49,196
Mon,2026-08-10,13,dessert,Pecan pie,3,18
Mon,2026-08-10,14,mains,Brisket plate,7,196
Mon,2026-08-10,14,sides,Smoked mac & cheese,8,64
Mon,2026-08-10,14,drinks,Iced tea,19,76
Mon,2026-08-10,14,dessert,Pecan pie,2,12
Mon,2026-08-10,15,mains,Brisket plate,5,140
Mon,2026-08-10,15,sides,Smoked mac & cheese,5,40
Mon,2026-08-10,15,drinks,Iced tea,11,44
Mon,2026-08-10,15,dessert,Pecan pie,1,6
Mon,2026-08-10,16,mains,Brisket plate,5,140
Mon,2026-08-10,16,sides,Smoked mac & cheese,6,48
Mon,2026-08-10,16,drinks,Iced tea,13,52
Mon,2026-08-10,16,dessert,Pecan pie,1,6
Mon,2026-08-10,17,mains,Brisket plate,14,392
Mon,2026-08-10,17,sides,Smoked mac & cheese,16,128
Mon,2026-08-10,17,drinks,Iced tea,30,120
Mon,2026-08-10,17,dessert,Pecan pie,3,18
Mon,2026-08-10,18,mains,Brisket plate,18,504
Mon,2026-08-10,18,sides,Smoked mac & cheese,26,208
Mon,2026-08-10,18,drinks,Iced tea,68,272
Mon,2026-08-10,18,dessert,Pecan pie,5,30
Mon,2026-08-10,19,mains,Brisket plate,22,616
Mon,2026-08-10,19,sides,Smoked mac & cheese,24,192
Mon,2026-08-10,19,drinks,Iced tea,61,244
Mon,2026-08-10,19,dessert,Pecan pie,4,24
Mon,2026-08-10,20,mains,Brisket plate,11,308
Mon,2026-08-10,20,sides,Smoked mac & cheese,13,104
Mon,2026-08-10,20,drinks,Iced tea,32,128
Mon,2026-08-10,20,dessert,Pecan pie,3,18
Mon,2026-08-10,21,mains,Brisket plate,4,112
Mon,2026-08-10,21,sides,Smoked mac & cheese,5,40
Mon,2026-08-10,21,drinks,Iced tea,14,56
Mon,2026-08-10,21,dessert,Pecan pie,1,6
Tue,2026-08-11,10,mains,Brisket plate,4,112
Tue,2026-08-11,10,sides,Smoked mac & cheese,7,56
Tue,2026-08-11,10,drinks,Iced tea,14,56
Tue,2026-08-11,10,dessert,Pecan pie,1,6
Tue,2026-08-11,11,mains,Brisket plate,8,224
Tue,2026-08-11,11,sides,Smoked mac & cheese,15,120
Tue,2026-08-11,11,drinks,Iced tea,33,132
Tue,2026-08-11,11,dessert,Pecan pie,4,24
Tue,2026-08-11,12,mains,Brisket plate,19,532
Tue,2026-08-11,12,sides,Smoked mac & cheese,25,200
Tue,2026-08-11,12,drinks,Iced tea,54,216
Tue,2026-08-11,12,dessert,Pecan pie,7,42
Tue,2026-08-11,13,mains,Brisket plate,15,420
Tue,2026-08-11,13,sides,Smoked mac & cheese,25,200
Tue,2026-08-11,13,drinks,Iced tea,50,200
Tue,2026-08-11,13,dessert,Pecan pie,7,42
Tue,2026-08-11,14,mains,Brisket plate,9,252
Tue,2026-08-11,14,sides,Smoked mac & cheese,12,96
Tue,2026-08-11,14,drinks,Iced tea,23,92
Tue,2026-08-11,14,dessert,Pecan pie,3,18
Tue,2026-08-11,15,mains,Brisket plate,4,112
Tue,2026-08-11,15,sides,Smoked mac & cheese,8,64
Tue,2026-08-11,15,drinks,Iced tea,14,56
Tue,2026-08-11,15,dessert,Pecan pie,2,12
Tue,2026-08-11,16,mains,Brisket plate,7,196
Tue,2026-08-11,16,sides,Smoked mac & cheese,10,80
Tue,2026-08-11,16,drinks,Iced tea,24,96
Tue,2026-08-11,16,dessert,Pecan pie,2,12
Tue,2026-08-11,17,mains,Brisket plate,12,336
Tue,2026-08-11,17,sides,Smoked mac & cheese,24,192
Tue,2026-08-11,17,drinks,Iced tea,55,220
Tue,2026-08-11,17,dessert,Pecan pie,5,30
Tue,2026-08-11,18,mains,Brisket plate,20,560
Tue,2026-08-11,18,sides,Smoked mac & cheese,28,224
Tue,2026-08-11,18,drinks,Iced tea,85,340
Tue,2026-08-11,18,dessert,Pecan pie,9,54
Tue,2026-08-11,19,mains,Brisket plate,20,560
Tue,2026-08-11,19,sides,Smoked mac & cheese,27,216
Tue,2026-08-11,19,drinks,Iced tea,76,304
Tue,2026-08-11,19,dessert,Pecan pie,8,48
Tue,2026-08-11,20,mains,Brisket plate,10,280
Tue,2026-08-11,20,sides,Smoked mac & cheese,14,112
Tue,2026-08-11,20,drinks,Iced tea,40,160
Tue,2026-08-11,20,dessert,Pecan pie,4,24
Tue,2026-08-11,21,mains,Brisket plate,4,112
Tue,2026-08-11,21,sides,Smoked mac & cheese,8,64
Tue,2026-08-11,21,drinks,Iced tea,18,72
Tue,2026-08-11,21,dessert,Pecan pie,2,12
Wed,2026-08-12,10,mains,Brisket plate,5,140
Wed,2026-08-12,10,sides,Smoked mac & cheese,7,56
Wed,2026-08-12,10,drinks,Iced tea,17,68
Wed,2026-08-12,10,dessert,Pecan pie,1,6
Wed,2026-08-12,11,mains,Brisket plate,10,280
Wed,2026-08-12,11,sides,Smoked mac & cheese,14,112
Wed,2026-08-12,11,drinks,Iced tea,32,128
Wed,2026-08-12,11,dessert,Pecan pie,3,18
Wed,2026-08-12,12,mains,Brisket plate,16,448
Wed,2026-08-12,12,sides,Smoked mac & cheese,34,272
Wed,2026-08-12,12,drinks,Iced tea,62,248
Wed,2026-08-12,12,dessert,Pecan pie,7,42
Wed,2026-08-12,13,mains,Brisket plate,15,420
Wed,2026-08-12,13,sides,Smoked mac & cheese,33,264
Wed,2026-08-12,13,drinks,Iced tea,57,228
Wed,2026-08-12,13,dessert,Pecan pie,6,36
Wed,2026-08-12,14,mains,Brisket plate,8,224
Wed,2026-08-12,14,sides,Smoked mac & cheese,11,88
Wed,2026-08-12,14,drinks,Iced tea,26,104
Wed,2026-08-12,14,dessert,Pecan pie,2,12
Wed,2026-08-12,15,mains,Brisket plate,5,140
Wed,2026-08-12,15,sides,Smoked mac & cheese,7,56
Wed,2026-08-12,15,drinks,Iced tea,23,92
Wed,2026-08-12,15,dessert,Pecan pie,2,12
Wed,2026-08-12,16,mains,Brisket plate,6,168
Wed,2026-08-12,16,sides,Smoked mac & cheese,9,72
Wed,2026-08-12,16,drinks,Iced tea,28,112
Wed,2026-08-12,16,dessert,Pecan pie,2,12
Wed,2026-08-12,17,mains,Brisket plate,13,364
Wed,2026-08-12,17,sides,Smoked mac & cheese,23,184
Wed,2026-08-12,17,drinks,Iced tea,63,252
Wed,2026-08-12,17,dessert,Pecan pie,4,24
Wed,2026-08-12,18,mains,Brisket plate,24,672
Wed,2026-08-12,18,sides,Smoked mac & cheese,38,304
Wed,2026-08-12,18,drinks,Iced tea,98,392
Wed,2026-08-12,18,dessert,Pecan pie,8,48
Wed,2026-08-12,19,mains,Brisket plate,17,476
Wed,2026-08-12,19,sides,Smoked mac & cheese,36,288
Wed,2026-08-12,19,drinks,Iced tea,87,348
Wed,2026-08-12,19,dessert,Pecan pie,6,36
Wed,2026-08-12,20,mains,Brisket plate,10,280
Wed,2026-08-12,20,sides,Smoked mac & cheese,19,152
Wed,2026-08-12,20,drinks,Iced tea,46,184
Wed,2026-08-12,20,dessert,Pecan pie,4,24
Wed,2026-08-12,21,mains,Brisket plate,5,140
Wed,2026-08-12,21,sides,Smoked mac & cheese,9,72
Wed,2026-08-12,21,drinks,Iced tea,21,84
Wed,2026-08-12,21,dessert,Pecan pie,2,12
Thu,2026-08-13,10,mains,Brisket plate,4,112
Thu,2026-08-13,10,sides,Smoked mac & cheese,5,40
Thu,2026-08-13,10,drinks,Iced tea,17,68
Thu,2026-08-13,10,dessert,Pecan pie,1,6
Thu,2026-08-13,11,mains,Brisket plate,9,252
Thu,2026-08-13,11,sides,Smoked mac & cheese,17,136
Thu,2026-08-13,11,drinks,Iced tea,37,148
Thu,2026-08-13,11,dessert,Pecan pie,4,24
Thu,2026-08-13,12,mains,Brisket plate,17,476
Thu,2026-08-13,12,sides,Smoked mac & cheese,27,216
Thu,2026-08-13,12,drinks,Iced tea,73,292
Thu,2026-08-13,12,dessert,Pecan pie,9,54
Thu,2026-08-13,13,mains,Brisket plate,18,504
Thu,2026-08-13,13,sides,Smoked mac & cheese,27,216
Thu,2026-08-13,13,drinks,Iced tea,97,388
Thu,2026-08-13,13,dessert,Pecan pie,8,48
Thu,2026-08-13,14,mains,Brisket plate,7,196
Thu,2026-08-13,14,sides,Smoked mac & cheese,13,104
Thu,2026-08-13,14,drinks,Iced tea,45,180
Thu,2026-08-13,14,dessert,Pecan pie,3,18
Thu,2026-08-13,15,mains,Brisket plate,4,112
Thu,2026-08-13,15,sides,Smoked mac & cheese,9,72
Thu,2026-08-13,15,drinks,Iced tea,28,112
Thu,2026-08-13,15,dessert,Pecan pie,2,12
Thu,2026-08-13,16,mains,Brisket plate,5,140
Thu,2026-08-13,16,sides,Smoked mac & cheese,11,88
Thu,2026-08-13,16,drinks,Iced tea,33,132
Thu,2026-08-13,16,dessert,Pecan pie,3,18
Thu,2026-08-13,17,mains,Brisket plate,16,448
Thu,2026-08-13,17,sides,Smoked mac & cheese,26,208
Thu,2026-08-13,17,drinks,Iced tea,75,300
Thu,2026-08-13,17,dessert,Pecan pie,7,42
Thu,2026-08-13,18,mains,Brisket plate,24,672
Thu,2026-08-13,18,sides,Smoked mac & cheese,30,240
Thu,2026-08-13,18,drinks,Iced tea,115,460
Thu,2026-08-13,18,dessert,Pecan pie,11,66
Thu,2026-08-13,19,mains,Brisket plate,19,532
Thu,2026-08-13,19,sides,Smoked mac & cheese,29,232
Thu,2026-08-13,19,drinks,Iced tea,103,412
Thu,2026-08-13,19,dessert,Pecan pie,9,54
Thu,2026-08-13,20,mains,Brisket plate,12,336
Thu,2026-08-13,20,sides,Smoked mac & cheese,15,120
Thu,2026-08-13,20,drinks,Iced tea,54,216
Thu,2026-08-13,20,dessert,Pecan pie,4,24
Thu,2026-08-13,21,mains,Brisket plate,5,140
Thu,2026-08-13,21,sides,Smoked mac & cheese,7,56
Thu,2026-08-13,21,drinks,Iced tea,24,96
Thu,2026-08-13,21,dessert,Pecan pie,2,12
Fri,2026-08-14,10,mains,Brisket plate,5,140
Fri,2026-08-14,10,sides,Smoked mac & cheese,7,56
Fri,2026-08-14,10,drinks,Iced tea,18,72
Fri,2026-08-14,10,dessert,Pecan pie,3,18
Fri,2026-08-14,11,mains,Brisket plate,15,420
Fri,2026-08-14,11,sides,Smoked mac & cheese,16,128
Fri,2026-08-14,11,drinks,Iced tea,40,160
Fri,2026-08-14,11,dessert,Pecan pie,7,42
Fri,2026-08-14,12,mains,Brisket plate,30,840
Fri,2026-08-14,12,sides,Smoked mac & cheese,30,240
Fri,2026-08-14,12,drinks,Iced tea,113,452
Fri,2026-08-14,12,dessert,Pecan pie,14,84
Fri,2026-08-14,13,mains,Brisket plate,28,784
Fri,2026-08-14,13,sides,Smoked mac & cheese,35,280
Fri,2026-08-14,13,drinks,Iced tea,105,420
Fri,2026-08-14,13,dessert,Pecan pie,10,60
Fri,2026-08-14,14,mains,Brisket plate,11,308
Fri,2026-08-14,14,sides,Smoked mac & cheese,17,136
Fri,2026-08-14,14,drinks,Iced tea,49,196
Fri,2026-08-14,14,dessert,Pecan pie,6,36
Fri,2026-08-14,15,mains,Brisket plate,8,224
Fri,2026-08-14,15,sides,Smoked mac & cheese,8,64
Fri,2026-08-14,15,drinks,Iced tea,30,120
Fri,2026-08-14,15,dessert,Pecan pie,4,24
Fri,2026-08-14,16,mains,Brisket plate,9,252
Fri,2026-08-14,16,sides,Smoked mac & cheese,10,80
Fri,2026-08-14,16,drinks,Iced tea,35,140
Fri,2026-08-14,16,dessert,Pecan pie,5,30
Fri,2026-08-14,17,mains,Brisket plate,21,588
Fri,2026-08-14,17,sides,Smoked mac & cheese,25,200
Fri,2026-08-14,17,drinks,Iced tea,81,324
Fri,2026-08-14,17,dessert,Pecan pie,10,60
Fri,2026-08-14,18,mains,Brisket plate,30,840
Fri,2026-08-14,18,sides,Smoked mac & cheese,40,320
Fri,2026-08-14,18,drinks,Iced tea,126,504
Fri,2026-08-14,18,dessert,Pecan pie,13,78
Fri,2026-08-14,19,mains,Brisket plate,33,924
Fri,2026-08-14,19,sides,Smoked mac & cheese,38,304
Fri,2026-08-14,19,drinks,Iced tea,103,412
Fri,2026-08-14,19,dessert,Pecan pie,14,84
Fri,2026-08-14,20,mains,Brisket plate,18,504
Fri,2026-08-14,20,sides,Smoked mac & cheese,20,160
Fri,2026-08-14,20,drinks,Iced tea,60,240
Fri,2026-08-14,20,dessert,Pecan pie,7,42
Fri,2026-08-14,21,mains,Brisket plate,7,196
Fri,2026-08-14,21,sides,Smoked mac & cheese,10,80
Fri,2026-08-14,21,drinks,Iced tea,28,112
Fri,2026-08-14,21,dessert,Pecan pie,4,24
Sat,2026-08-15,10,mains,Brisket plate,8,224
Sat,2026-08-15,10,sides,Smoked mac & cheese,9,72
Sat,2026-08-15,10,drinks,Iced tea,30,120
Sat,2026-08-15,10,dessert,Pecan pie,3,18
Sat,2026-08-15,11,mains,Brisket plate,16,448
Sat,2026-08-15,11,sides,Smoked mac & cheese,28,224
Sat,2026-08-15,11,drinks,Iced tea,96,384
Sat,2026-08-15,11,dessert,Pecan pie,7,42
Sat,2026-08-15,12,mains,Brisket plate,33,924
Sat,2026-08-15,12,sides,Smoked mac & cheese,53,424
Sat,2026-08-15,12,drinks,Iced tea,190,760
Sat,2026-08-15,12,dessert,Pecan pie,15,90
Sat,2026-08-15,13,mains,Brisket plate,29,812
Sat,2026-08-15,13,sides,Smoked mac & cheese,42,336
Sat,2026-08-15,13,drinks,Iced tea,176,704
Sat,2026-08-15,13,dessert,Pecan pie,13,78
Sat,2026-08-15,14,mains,Brisket plate,16,448
Sat,2026-08-15,14,sides,Smoked mac & cheese,21,168
Sat,2026-08-15,14,drinks,Iced tea,82,328
Sat,2026-08-15,14,dessert,Pecan pie,6,36
Sat,2026-08-15,15,mains,Brisket plate,10,280
Sat,2026-08-15,15,sides,Smoked mac & cheese,14,112
Sat,2026-08-15,15,drinks,Iced tea,50,200
Sat,2026-08-15,15,dessert,Pecan pie,4,24
Sat,2026-08-15,16,mains,Brisket plate,9,252
Sat,2026-08-15,16,sides,Smoked mac & cheese,17,136
Sat,2026-08-15,16,drinks,Iced tea,59,236
Sat,2026-08-15,16,dessert,Pecan pie,6,36
Sat,2026-08-15,17,mains,Brisket plate,21,588
Sat,2026-08-15,17,sides,Smoked mac & cheese,42,336
Sat,2026-08-15,17,drinks,Iced tea,122,488
Sat,2026-08-15,17,dessert,Pecan pie,11,66
Sat,2026-08-15,18,mains,Brisket plate,44,1232
Sat,2026-08-15,18,sides,Smoked mac & cheese,69,552
Sat,2026-08-15,18,drinks,Iced tea,195,780
Sat,2026-08-15,18,dessert,Pecan pie,18,108
Sat,2026-08-15,19,mains,Brisket plate,39,1092
Sat,2026-08-15,19,sides,Smoked mac & cheese,46,368
Sat,2026-08-15,19,drinks,Iced tea,181,724
Sat,2026-08-15,19,dessert,Pecan pie,15,90
Sat,2026-08-15,20,mains,Brisket plate,19,532
Sat,2026-08-15,20,sides,Smoked mac & cheese,24,192
Sat,2026-08-15,20,drinks,Iced tea,105,420
Sat,2026-08-15,20,dessert,Pecan pie,10,60
Sat,2026-08-15,21,mains,Brisket plate,8,224
Sat,2026-08-15,21,sides,Smoked mac & cheese,12,96
Sat,2026-08-15,21,drinks,Iced tea,48,192
Sat,2026-08-15,21,dessert,Pecan pie,5,30
Sun,2026-08-16,10,mains,Brisket plate,7,196
Sun,2026-08-16,10,sides,Smoked mac & cheese,9,72
Sun,2026-08-16,10,drinks,Iced tea,18,72
Sun,2026-08-16,10,dessert,Pecan pie,2,12
Sun,2026-08-16,11,mains,Brisket plate,12,336
Sun,2026-08-16,11,sides,Smoked mac & cheese,20,160
Sun,2026-08-16,11,drinks,Iced tea,40,160
Sun,2026-08-16,11,dessert,Pecan pie,4,24
Sun,2026-08-16,12,mains,Brisket plate,24,672
Sun,2026-08-16,12,sides,Smoked mac & cheese,38,304
Sun,2026-08-16,12,drinks,Iced tea,78,312
Sun,2026-08-16,12,dessert,Pecan pie,7,42
Sun,2026-08-16,13,mains,Brisket plate,31,868
Sun,2026-08-16,13,sides,Smoked mac & cheese,43,344
Sun,2026-08-16,13,drinks,Iced tea,73,292
Sun,2026-08-16,13,dessert,Pecan pie,7,42
Sun,2026-08-16,14,mains,Brisket plate,14,392
Sun,2026-08-16,14,sides,Smoked mac & cheese,21,168
Sun,2026-08-16,14,drinks,Iced tea,34,136
Sun,2026-08-16,14,dessert,Pecan pie,4,24
Sun,2026-08-16,15,mains,Brisket plate,8,224
Sun,2026-08-16,15,sides,Smoked mac & cheese,10,80
Sun,2026-08-16,15,drinks,Iced tea,21,84
Sun,2026-08-16,15,dessert,Pecan pie,2,12
Sun,2026-08-16,16,mains,Brisket plate,10,280
Sun,2026-08-16,16,sides,Smoked mac & cheese,12,96
Sun,2026-08-16,16,drinks,Iced tea,22,88
Sun,2026-08-16,16,dessert,Pecan pie,3,18
Sun,2026-08-16,17,mains,Brisket plate,22,616
Sun,2026-08-16,17,sides,Smoked mac & cheese,30,240
Sun,2026-08-16,17,drinks,Iced tea,53,212
Sun,2026-08-16,17,dessert,Pecan pie,7,42
Sun,2026-08-16,18,mains,Brisket plate,37,1036
Sun,2026-08-16,18,sides,Smoked mac & cheese,49,392
Sun,2026-08-16,18,drinks,Iced tea,85,340
Sun,2026-08-16,18,dessert,Pecan pie,10,60
Sun,2026-08-16,19,mains,Brisket plate,30,840
Sun,2026-08-16,19,sides,Smoked mac & cheese,47,376
Sun,2026-08-16,19,drinks,Iced tea,78,312
Sun,2026-08-16,19,dessert,Pecan pie,10,60
Sun,2026-08-16,20,mains,Brisket plate,15,420
Sun,2026-08-16,20,sides,Smoked mac & cheese,25,200
Sun,2026-08-16,20,drinks,Iced tea,45,180
Sun,2026-08-16,20,dessert,Pecan pie,5,30
Sun,2026-08-16,21,mains,Brisket plate,9,252
Sun,2026-08-16,21,sides,Smoked mac & cheese,12,96
Sun,2026-08-16,21,drinks,Iced tea,21,84
Sun,2026-08-16,21,dessert,Pecan pie,2,12
